index	SBS1	SBS40	SBS35
ACAA	0.0008760228603560022	0.02832323936419425	0.008898799701093236
ACCA	0.0022201195808427055	0.013254349411639324	0.04585350159690038
ACGA	0.00017972720567980044	0.003011865015639606	0.0014386142783664058
ACTA	0.001265052637841803	0.014858413455546327	0.021759123061829186
CCAA	0.00030502624638510076	0.02065656234250184	0.02979496057256632
CCCA	0.0017382587247194044	0.014500761793835727	0.03266362170503413
CCGA	9.195448204649902e-05	0.002545674096797805	0.0022124256318614088
CCTA	2.1802209754594154e-16	0.014599066338439527	0.08221264284339154
GCAA	0.001556269598965004	0.014207844260768626	0.00990909312410504
GCCA	0.0003293191711604008	0.01006536629018512	0.0497061404919657
GCGA	0.0005827681229553014	0.002571638766886905	0.000513044051529302
GCTA	2.1854273864506853e-16	0.01075145818688172	0.02287473179784519
TCAA	6.506497550281007e-05	0.02611600972749105	0.0053115466798082205
TCCA	0.002497180274211606	0.021055267626820237	0.023239691828259794
TCGA	2.239148761015145e-16	0.0032333256192406063	9.69208186579598e-05
TCTA	5.839205565658144e-06	0.024311154192013344	0.015486628473751762
ACAG	0.0018390547632757045	0.012253316320679723	0.003607893876547414
ACCG	0.0011879587230825028	0.008585653200972316	0.004515875157270418
ACGG	0.00011677191329470028	0.0023207863990373045	0.0003581011081401014
ACTG	0.0011266875055778028	0.014657624084525528	0.009549837343802738
CCAG	2.356132223680396e-05	0.007507865928332414	0.0038464397260904153
CCCG	7.458003913880287e-05	0.009223273657983918	0.006235782325506425
CCGG	0.00034729589785800085	0.0016837529459135033	0.0008749137725997035
CCTG	2.1802209754594154e-16	0.013804559326823725	0.016143573503793265
GCAG	9.445965477262423e-06	0.005062795208414709	0.0033933875136246136
GCCG	0.0001593166491749004	0.005299119311597411	0.021189470249563084
GCGG	0.00016480325112530042	0.0012000980912138023	0.0005980454328477024
GCTG	2.1854273864506853e-16	0.006948627605966113	0.008730356153413334
TCAG	2.2050895953080153e-16	0.012555773907447625	0.006682268403629627
TCCG	0.00020036663860270048	0.014137108263722225	0.005664046103597523
TCGG	6.968471928899118e-05	0.0017747591727062032	0.00015863491966190062
TCTG	0.0015491769868072036	0.023907649558121045	0.021458596316571085
ACAT	0.02471847800101766	0.019786092747327236	0.002227219404237309
ACCT	0.0061540156802306146	0.011968479692599723	0.003960075137914115
ACGT	0.3706238987182649	0.0002753999860191005	0.0006002850945701024
ACTT	0.009468128336347323	0.016966701851265833	0.0009066301275762036
CCAT	0.001955296451187005	0.019464837591972938	0.00508208357592262
CCCT	0.00026219545009730064	0.01706552238322163	0.08235191896541934
CCGT	0.19338067039821746	0.0023652719954500045	0.0026850801986682106
CCTT	0.00019162480322420047	0.02145168931362544	0.04683629349865949
GCAT	0.004373314569243411	0.014307899502041628	0.007318874252758429
GCCT	9.014990880145491e-05	0.011446887153543821	0.01762488646926277
GCGT	0.21642836593573053	3.9633491583786574e-18	0.0025601606516157103
GCTT	3.76324715873122e-05	0.012642918423462724	0.006023346407904124
TCAT	0.0010976006505793027	0.030133857377874256	0.0029833355165526116
TCCT	3.681613605853499e-05	0.023160794389502345	0.01267619554268715
TCGT	0.11045128417563527	0.002162350256400604	0.0007829400873636031
TCTT	2.2145286413975754e-16	0.022596259497970842	0.008138071433265634
ATAA	0.0007838116361056019	0.006071047785989912	0.00488336952937662
ATCA	0.0022013141527095054	0.0044521750298460085	0.00740532268294073
ATGA	0.0011172805613995028	0.006899263355020613	0.0013286116091679053
ATTA	0.00017945559959880043	0.010658640122378821	0.0073665208562381295
CTAA	4.22647255611116e-05	0.001088298905474302	0.05269681318331091
CTCA	0.0003874488092359009	0.007631129932405215	0.03316077946457433
CTGA	0.0003184653895818008	0.0034546609105103065	0.058308145047249536
CTTA	0.0002572261132853007	0.009326136776965917	0.06695743329109846
GTAA	7.934946373534109e-05	0.0026305462229046046	0.0007141610048134029
GTCA	0.0001263460234048003	0.0034125426195608065	0.005550545526987523
GTGA	0.0002429326879931006	0.0044238616305568084	0.0011273476957466045
GTTA	0.00025726750040600064	0.005844577621924811	0.002906834222053912
TTAA	0.006525361219127216	0.007032939979763713	0.004255913088041317
TTCA	2.234586946164335e-16	0.01048435495346432	0.005413239900767122
TTGA	2.7741316834988168e-05	0.0050522502610653094	0.0013935967918684057
TTTA	0.0022210052980166056	0.02105709555268984	0.005443188217908522
ATAC	0.0010679433541939025	0.018611244852133033	0.0020372339140957083
ATCC	0.0030008946297027076	0.007360127188979714	0.0008260556960182033
ATGC	0.00010388749079670025	0.01543125281425973	0.0009190396093492037
ATTC	0.0056288259109135135	0.01932501106300464	0.0020290417012433083
CTAC	2.1918683256111453e-16	0.01088298905474392	0.0013324479379050055
CTCC	0.002464687081653606	0.009884416329768919	0.0020298416520739084
CTGC	0.0003538504328686009	0.01048379756079732	0.0015628987332252063
CTTC	4.21455093306054e-05	0.013667614242105226	0.003206696353398913
GTAC	0.0010260706517501027	0.005965880301757211	0.0005627628559547023
GTCC	0.0018609104222414045	0.004556689561979209	0.0020265480970835083
GTGC	0.0011554115648454027	0.00566775923189251	0.00019225304454250077
GTTC	7.109756891065848e-05	0.0074044822211908135	0.0004278941284911017
TTAC	0.0002476141534043006	0.01006114835814732	0.00036422698055790147
TTCC	0.0033969729809403084	0.007685133970743315	0.0008395628676284033
TTGC	0.000412156707262601	0.006048610372311311	0.0004423155035060018
TTTC	0.004274201306849711	0.010227732125592219	0.0010665026822519043
ATAG	0.0001685195017627004	0.007195684507001114	0.0030458644303883124
ATCG	0.00020433723300930049	0.007069331973066313	0.0009719486021359039
ATGG	0.00026265893899560065	0.008024251463415016	0.004475323315092018
ATTG	0.00010983074948120027	0.017930422635777536	0.0026287584602315106
CTAG	3.489297110277829e-05	0.0033447718654488067	0.0037168284583665146
CTCG	0.00020900546452420053	0.00567828172135661	0.0005205237503833021
CTGG	0.0001258134872422003	0.005581374129986311	0.0063718179123798254
CTTG	0.00016917563604530042	0.013165128424380725	0.002732750665946911
GTAG	2.1791786222883154e-16	0.002471720790578305	0.001753031197310407
GTCG	2.1841211797886253e-16	0.0022285992617540043	0.00506137874493282
GTGG	0.00034366087569760083	0.0044639873596322086	0.004066504188229017
GTTG	1.4558548472589235e-05	0.00555082935323191	0.0034048582670911133
TTAG	2.165410047418745e-16	0.008344834814698615	0.0042460156157435175
TTCG	5.5213336651862936e-05	0.011604043346552823	0.001981450076884508
TTGG	0.0005776138469570014	0.008715634912515115	0.004867490244062119
TTTG	2.2012630287009253e-16	0.02506797089605925	0.0036422072733510147
