index	SBS2	SBS40	SBS31
ACAA	5.790059091291171e-07	0.02832323936419425	0.009609121831171135
ACCA	0.00014550453200370028	0.013254349411639324	0.018351300889037366
ACGA	5.36186073164882e-05	0.003011865015639606	0.0017171263441314061
ACTA	9.759122433808668e-05	0.014858413455546327	0.006322835427448423
CCAA	0.00020531431769750034	0.02065656234250184	0.010656632802061838
CCCA	9.343886886044347e-05	0.014500761793835727	0.011475536100190841
CCGA	2.221442815060304e-16	0.002545674096797805	0.0003306789085155012
CCTA	0.00041557654793030076	0.014599066338439527	0.0277877550055562
GCAA	8.572515864183485e-05	0.014207844260768626	0.013144759661355247
GCCA	2.1872350833030538e-16	0.01006536629018512	0.021276950479861775
GCGA	1.3933036408014126e-05	0.002571638766886905	0.0009830544177000034
GCTA	5.066111732211819e-05	0.01075145818688172	0.0035042270836771125
TCAA	0.0006379630416471011	0.02611600972749105	0.0018736476754551068
TCCA	0.0001694148910071003	0.021055267626820237	0.009431609696663333
TCGA	8.647695728718175e-05	0.0032333256192406063	0.0009768661558030034
TCTA	0.00044116637097670074	0.024311154192013344	0.004542305990297517
ACAG	2.226177891996434e-16	0.012253316320679723	0.00838028235171313
ACCG	0.00013075745105730024	0.008585653200972316	0.0031346005842896115
ACGG	1.5583228130222127e-05	0.0023207863990373045	0.003103240380960411
ACTG	9.100531349318507e-05	0.014657624084525528	0.0038057831076043136
CCAG	2.201206386853844e-16	0.007507865928332414	0.0020416913312361075
CCCG	0.0003441452567682006	0.009223273657983918	0.0018400428574443066
CCGG	4.851312336028539e-05	0.0016837529459135033	0.000858358017848803
CCTG	6.278068515052741e-05	0.013804559326823725	0.003406240936164912
GCAG	6.503973753104412e-05	0.005062795208414709	0.0018362526855175065
GCCG	0.0002559947788081004	0.005299119311597411	0.007432088283895826
GCGG	2.235300085602274e-16	0.0012000980912138023	0.0004621973959762016
GCTG	0.00013258964299140024	0.006948627605966113	0.0033544737895029116
TCAG	2.226381193854644e-16	0.012555773907447625	0.0003989056341291014
TCCG	9.836029260239167e-05	0.014137108263722225	0.0029360661315838105
TCGG	4.1768471749494676e-05	0.0017747591727062032	0.00042552494326080154
TCTG	0.001183127994892002	0.023907649558121045	0.004289393630035916
ACAT	6.099527766860181e-05	0.019786092747327236	0.017828244906889962
ACCT	0.0013567314470615023	0.011968479692599723	0.009205409310825132
ACGT	3.352444472751746e-05	0.0002753999860191005	0.007851198163829927
ACTT	0.0018560294199268033	0.016966701851265833	0.010168891372170237
CCAT	0.004264220444488108	0.019464837591972938	0.04103301602289244
CCCT	0.0001666800388906003	0.01706552238322163	0.16224033796821458
CCGT	0.002759370671621905	0.0023652719954500045	0.00824184513625363
CCTT	0.0014313206520167026	0.02145168931362544	0.1444166478783385
GCAT	2.2177158210126738e-16	0.014307899502041628	0.006823234022688225
GCCT	1.2652615504309122e-07	0.011446887153543821	0.01128173188234534
GCGT	2.235300085602274e-16	3.9633491583786574e-18	0.001992404529700807
GCTT	4.9869537363960085e-05	0.012642918423462724	0.00569062517862102
TCAT	0.535130188298693	0.030133857377874256	0.007534884200217327
TCCT	0.09696511114703867	0.023160794389502345	0.024735351656494486
TCGT	0.04480986532348698	0.002162350256400604	0.008602559550056132
TCTT	0.30079525293866755	0.022596259497970842	0.01972716410040127
ATAA	9.486666022430177e-05	0.006071047785989912	0.007845088965390028
ATCA	0.0008750743688985015	0.0044521750298460085	0.006104069379140922
ATGA	2.5233114410149144e-05	0.006899263355020613	0.005022026314759418
ATTA	2.2079237568542938e-16	0.010658640122378821	0.004155783003689015
CTAA	0.00024115104940130043	0.001088298905474302	0.02062673198034227
CTCA	0.00024287616192600044	0.007631129932405215	0.021191311861149777
CTGA	0.00014786888009370028	0.0034546609105103065	0.018724595491318566
CTTA	2.227510990176444e-16	0.009326136776965917	0.03124330790189101
GTAA	2.200220033252244e-16	0.0026305462229046046	0.0018914513493013068
GTCA	0.0001295437449274002	0.0034125426195608065	0.0029034774915845103
GTGA	6.361284393910591e-05	0.0044238616305568084	0.00580470654487002
GTTA	6.322635559827421e-05	0.005844577621924811	0.0008014857986611029
TTAA	0.00041373381738800077	0.007032939979763713	0.006627713010861924
TTCA	0.00019425263019710035	0.01048435495346432	0.0038280470719544136
TTGA	5.011642134474669e-05	0.0050522502610653094	0.003300429050885412
TTTA	0.00020431216333590037	0.02105709555268984	0.008929633811030532
ATAC	6.10351713851868e-05	0.018611244852133033	0.020361299604829172
ATCC	2.142835869170664e-05	0.007360127188979714	0.007441534333713826
ATGC	1.3061847459371423e-05	0.01543125281425973	0.00810712796736513
ATTC	0.00015346555260640026	0.01932501106300464	0.00846141395222263
CTAC	0.00029970212723950056	0.01088298905474392	0.008160576001931529
CTCC	2.836873202824445e-05	0.009884416329768919	0.009952886281705835
CTGC	2.213071158450154e-16	0.01048379756079732	0.004465866090442815
CTTC	0.00018579239649000034	0.013667614242105226	0.01390831125955145
GTAC	2.200220033252244e-16	0.005965880301757211	0.004509618217018415
GTCC	2.7095409244373548e-05	0.004556689561979209	0.006555273924299124
GTGC	0.00010668611757810018	0.00566775923189251	0.005160856945439018
GTTC	1.2584863773541922e-05	0.0074044822211908135	0.0047642184990126174
TTAC	2.186318513685414e-16	0.01006114835814732	0.004540478017889016
TTCC	4.401036152903828e-05	0.007685133970743315	0.010514369290968238
TTGC	0.0001170383492482002	0.006048610372311311	0.004047315135795314
TTTC	3.567988023135966e-05	0.010227732125592219	0.012167631656922244
ATAG	0.0002354355071260004	0.007195684507001114	0.003673018752243613
ATCG	7.435142132099123e-05	0.007069331973066313	0.0024939196145419085
ATGG	2.028544491796304e-06	0.008024251463415016	0.004013627392710314
ATTG	3.722777276130997e-06	0.017930422635777536	0.0007822062720885028
CTAG	0.00015183584591930028	0.0033447718654488067	0.001972556407828807
CTCG	0.00015428608646940028	0.00567828172135661	0.0014361884341916051
CTGG	0.00012008143953920022	0.005581374129986311	0.0015019729003731054
CTTG	0.00020277342197570035	0.013165128424380725	0.0009564483612546033
GTAG	0.00020620896275770037	0.002471720790578305	0.0003026322158882011
GTCG	0.00013152151202560025	0.0022285992617540043	0.0008700454888871032
GTGG	3.6991167870545866e-05	0.0044639873596322086	0.002565338247732809
GTTG	2.245139697199874e-16	0.00555082935323191	0.00285446780004811
TTAG	1.637287855540193e-05	0.008344834814698615	0.002225724518573008
TTCG	7.122596440561592e-05	0.011604043346552823	0.0024295338750004087
TTGG	9.543126938700287e-05	0.008715634912515115	0.005399784532794219
TTTG	2.222517679215974e-16	0.02506797089605925	0.007340802569878626
