index	SBS2	SBS13	SBS40	SBS35
ACAA	5.790059091291171e-07	0.0018168791808728052	0.02832323936419425	0.008898799701093236
ACCA	0.00014550453200370028	0.000708842466041202	0.013254349411639324	0.04585350159690038
ACGA	5.36186073164882e-05	0.00027065585442210074	0.003011865015639606	0.0014386142783664058
ACTA	9.759122433808668e-05	0.00034725684386150096	0.014858413455546327	0.021759123061829186
CCAA	0.00020531431769750034	0.0013819222041292038	0.02065656234250184	0.02979496057256632
CCCA	9.343886886044347e-05	0.0009490950035830027	0.014500761793835727	0.03266362170503413
CCGA	2.221442815060304e-16	4.313381083296593e-06	0.002545674096797805	0.0022124256318614088
CCTA	0.00041557654793030076	2.1913995487086764e-16	0.014599066338439527	0.08221264284339154
GCAA	8.572515864183485e-05	0.0009437715950947027	0.014207844260768626	0.00990909312410504
GCCA	2.1872350833030538e-16	0.00044235078290920133	0.01006536629018512	0.0497061404919657
GCGA	1.3933036408014126e-05	0.00016438965264680048	0.002571638766886905	0.000513044051529302
GCTA	5.066111732211819e-05	6.085266137064218e-05	0.01075145818688172	0.02287473179784519
TCAA	0.0006379630416471011	0.07887173804083332	0.02611600972749105	0.0053115466798082205
TCCA	0.0001694148910071003	0.029298787493812782	0.021055267626820237	0.023239691828259794
TCGA	8.647695728718175e-05	0.012266944423306034	0.0032333256192406063	9.69208186579598e-05
TCTA	0.00044116637097670074	0.035594076905834306	0.024311154192013344	0.015486628473751762
ACAG	2.226177891996434e-16	0.003863363972515311	0.012253316320679723	0.003607893876547414
ACCG	0.00013075745105730024	0.0009349641958463028	0.008585653200972316	0.004515875157270418
ACGG	1.5583228130222127e-05	0.00027065585442210074	0.0023207863990373045	0.0003581011081401014
ACTG	9.100531349318507e-05	0.003991457975420211	0.014657624084525528	0.009549837343802738
CCAG	2.201206386853844e-16	0.005537559689403716	0.007507865928332414	0.0038464397260904153
CCCG	0.0003441452567682006	0.0006353445891754019	0.009223273657983918	0.006235782325506425
CCGG	4.851312336028539e-05	0.00048612701354470143	0.0016837529459135033	0.0008749137725997035
CCTG	6.278068515052741e-05	0.006317548248529518	0.013804559326823725	0.016143573503793265
GCAG	6.503973753104412e-05	0.0014917359248073044	0.005062795208414709	0.0033933875136246136
GCCG	0.0002559947788081004	0.00046981380269070137	0.005299119311597411	0.021189470249563084
GCGG	2.235300085602274e-16	0.0002415725993163007	0.0012000980912138023	0.0005980454328477024
GCTG	0.00013258964299140024	0.002671580255296408	0.006948627605966113	0.008730356153413334
TCAG	2.226381193854644e-16	0.3164853285942299	0.012555773907447625	0.006682268403629627
TCCG	9.836029260239167e-05	0.06328139475704447	0.014137108263722225	0.005664046103597523
TCGG	4.1768471749494676e-05	0.01399039942492754	0.0017747591727062032	0.00015863491966190062
TCTG	0.001183127994892002	0.3699778698099401	0.023907649558121045	0.021458596316571085
ACAT	6.099527766860181e-05	0.007167688197069721	0.019786092747327236	0.002227219404237309
ACCT	0.0013567314470615023	2.1825662615970463e-16	0.011968479692599723	0.003960075137914115
ACGT	3.352444472751746e-05	0.00031063910564360094	0.0002753999860191005	0.0006002850945701024
ACTT	0.0018560294199268033	0.0003173209090459009	0.016966701851265833	0.0009066301275762036
CCAT	0.004264220444488108	1.9050784671210853e-05	0.019464837591972938	0.00508208357592262
CCCT	0.0001666800388906003	0.001323634560782004	0.01706552238322163	0.08235191896541934
CCGT	0.002759370671621905	0.001982362206873006	0.0023652719954500045	0.0026850801986682106
CCTT	0.0014313206520167026	0.0014313195250574041	0.02145168931362544	0.04683629349865949
GCAT	2.2177158210126738e-16	0.007140442626744421	0.014307899502041628	0.007318874252758429
GCCT	1.2652615504309122e-07	0.0009033371863844026	0.011446887153543821	0.01762488646926277
GCGT	2.235300085602274e-16	0.00017842291567760052	3.9633491583786574e-18	0.0025601606516157103
GCTT	4.9869537363960085e-05	0.0012566321941579037	0.012642918423462724	0.006023346407904124
TCAT	0.535130188298693	0.00691874866611352	0.030133857377874256	0.0029833355165526116
TCCT	0.09696511114703867	0.004464577141914313	0.023160794389502345	0.01267619554268715
TCGT	0.04480986532348698	0.0012064185011350034	0.002162350256400604	0.0007829400873636031
TCTT	0.30079525293866755	0.0014237630762333042	0.022596259497970842	0.008138071433265634
ATAA	9.486666022430177e-05	2.1960773709862764e-16	0.006071047785989912	0.00488336952937662
ATCA	0.0008750743688985015	6.498269240283809e-05	0.0044521750298460085	0.00740532268294073
ATGA	2.5233114410149144e-05	0.0005838245403996017	0.006899263355020613	0.0013286116091679053
ATTA	2.2079237568542938e-16	0.0006000003332599017	0.010658640122378821	0.0073665208562381295
CTAA	0.00024115104940130043	0.0002074095870028006	0.001088298905474302	0.05269681318331091
CTCA	0.00024287616192600044	0.000340424516303301	0.007631129932405215	0.03316077946457433
CTGA	0.00014786888009370028	0.00022428416502700066	0.0034546609105103065	0.058308145047249536
CTTA	2.227510990176444e-16	0.0005224158433190015	0.009326136776965917	0.06695743329109846
GTAA	2.200220033252244e-16	6.6105213524655e-06	0.0026305462229046046	0.0007141610048134029
GTCA	0.0001295437449274002	0.00012855476015990037	0.0034125426195608065	0.005550545526987523
GTGA	6.361284393910591e-05	4.6862089515632435e-05	0.0044238616305568084	0.0011273476957466045
GTTA	6.322635559827421e-05	0.00036043021468700105	0.005844577621924811	0.002906834222053912
TTAA	0.00041373381738800077	0.0002902016908130008	0.007032939979763713	0.004255913088041317
TTCA	0.00019425263019710035	0.00023472174334500067	0.01048435495346432	0.005413239900767122
TTGA	5.011642134474669e-05	0.00018806147294270055	0.0050522502610653094	0.0013935967918684057
TTTA	0.00020431216333590037	6.179192269810388e-05	0.02105709555268984	0.005443188217908522
ATAC	6.10351713851868e-05	0.0018894179182809053	0.018611244852133033	0.0020372339140957083
ATCC	2.142835869170664e-05	0.0001415267227178004	0.007360127188979714	0.0008260556960182033
ATGC	1.3061847459371423e-05	0.00042352017506960127	0.01543125281425973	0.0009190396093492037
ATTC	0.00015346555260640026	0.0009495054778816027	0.01932501106300464	0.0020290417012433083
CTAC	0.00029970212723950056	4.7039303463799934e-05	0.01088298905474392	0.0013324479379050055
CTCC	2.836873202824445e-05	0.00012143798534790036	0.009884416329768919	0.0020298416520739084
CTGC	2.213071158450154e-16	2.2031453378761863e-16	0.01048379756079732	0.0015628987332252063
CTTC	0.00018579239649000034	0.00011187490334930033	0.013667614242105226	0.003206696353398913
GTAC	2.200220033252244e-16	0.0002831671086802008	0.005965880301757211	0.0005627628559547023
GTCC	2.7095409244373548e-05	0.0001799766642239005	0.004556689561979209	0.0020265480970835083
GTGC	0.00010668611757810018	0.00019442781820310057	0.00566775923189251	0.00019225304454250077
GTTC	1.2584863773541922e-05	2.235070046383256e-16	0.0074044822211908135	0.0004278941284911017
TTAC	2.186318513685414e-16	2.166708569921616e-05	0.01006114835814732	0.00036422698055790147
TTCC	4.401036152903828e-05	2.519211814350337e-05	0.007685133970743315	0.0008395628676284033
TTGC	0.0001170383492482002	9.983263297704238e-05	0.006048610372311311	0.0004423155035060018
TTTC	3.567988023135966e-05	0.0005292179185918015	0.010227732125592219	0.0010665026822519043
ATAG	0.0002354355071260004	6.0738356116467275e-05	0.007195684507001114	0.0030458644303883124
ATCG	7.435142132099123e-05	2.2126008762929463e-16	0.007069331973066313	0.0009719486021359039
ATGG	2.028544491796304e-06	8.163648234402493e-05	0.008024251463415016	0.004475323315092018
ATTG	3.722777276130997e-06	0.0003168318591471009	0.017930422635777536	0.0026287584602315106
CTAG	0.00015183584591930028	4.108496125319232e-05	0.0033447718654488067	0.0037168284583665146
CTCG	0.00015428608646940028	2.807009169518838e-06	0.00567828172135661	0.0005205237503833021
CTGG	0.00012008143953920022	2.2031453378761863e-16	0.005581374129986311	0.0063718179123798254
CTTG	0.00020277342197570035	5.543801014188806e-05	0.013165128424380725	0.002732750665946911
GTAG	0.00020620896275770037	8.652876456883935e-05	0.002471720790578305	0.001753031197310407
GTCG	0.00013152151202560025	2.1953197504235964e-16	0.0022285992617540043	0.00506137874493282
GTGG	3.6991167870545866e-05	0.00042475000284380126	0.0044639873596322086	0.004066504188229017
GTTG	2.245139697199874e-16	2.9096182135349584e-06	0.00555082935323191	0.0034048582670911133
TTAG	1.637287855540193e-05	0.0001803956456405005	0.008344834814698615	0.0042460156157435175
TTCG	7.122596440561592e-05	2.2460442682159563e-16	0.011604043346552823	0.001981450076884508
TTGG	9.543126938700287e-05	3.6712000303180905e-05	0.008715634912515115	0.004867490244062119
TTTG	2.222517679215974e-16	1.8836569983776856e-05	0.02506797089605925	0.0036422072733510147
